[{"assetType":"PolicyAction","assetObject":{"name":"Policy Action [Straight Through Routing] -> Policy For API Pet Store[1]","id":"0191088e-7c5c-4a73-b07e-3c212ceaa852","status":"Success","explanation":"OK","warning":false}},{"assetType":"Policy","assetObject":{"name":"Policy For API Pet Store[1]","id":"31993433-627c-4d74-874a-d8bfe09fed86","status":"Success","explanation":"OK","warning":false}},{"assetType":"PolicyAction","assetObject":{"name":"Policy Action [Enable HTTP / HTTPS] -> Policy For API Pet Store[1]","id":"1e4b3b10-4840-4f28-bef9-997a020120cd","status":"Success","explanation":"OK","warning":false}},{"assetType":"API","assetObject":{"name":"Pet Store[1]","id":"1bb49088-2bc8-4a2e-a2e9-5add638d1c17","status":"Success","explanation":"OK","warning":false}}]