[{"assetType":"API","assetObject":{"name":"Plane REST[1.0]","id":"b0347f1e-88cd-43f9-92e4-c213464d0c67","status":"Success","explanation":"OK","warning":false}},{"assetType":"PolicyAction","assetObject":{"name":"Policy Action [Straight Through Routing] -> Policy For API Plane REST[1.0]","id":"bca8be5b-ba79-4229-8ce8-4c4a67409ee4","status":"Success","explanation":"OK","warning":false}},{"assetType":"Policy","assetObject":{"name":"Policy For API Plane REST[1.0]","id":"18a3eca9-045d-48cc-9e9e-7aa42a57ef6c","status":"Success","explanation":"OK","warning":false}},{"assetType":"PolicyAction","assetObject":{"name":"Policy Action [Enable HTTP / HTTPS] -> Policy For API Plane REST[1.0]","id":"f8ad9e34-0fa7-46aa-b4eb-b235d08e4589","status":"Success","explanation":"OK","warning":false}}]