[{"assetType":"PolicyAction","assetObject":{"name":"Policy Action [Straight Through Routing] -> Policy For API ATG_Call_wMInt_Service[1.0]","id":"15cb2c60-4f23-4c2b-8d3d-a8842924b028","status":"Success","explanation":"OK","warning":false}},{"assetType":"Policy","assetObject":{"name":"Policy For API ATG_Call_wMInt_Service[1.0]","id":"79f86ce7-abcc-494d-883b-68bc0893c6ff","status":"Success","explanation":"OK","warning":false}},{"assetType":"PolicyAction","assetObject":{"name":"Policy Action [Identify & Authorize] -> Policy For API ATG_Call_wMInt_Service[1.0]","id":"2bfbfcc0-026b-4a89-9751-a949ed7a34d1","status":"Success","explanation":"OK","warning":false}},{"assetType":"PolicyAction","assetObject":{"name":"Policy Action [Enable HTTP / HTTPS] -> Policy For API ATG_Call_wMInt_Service[1.0]","id":"3988be2c-5a36-4eec-9a76-13f9edec4400","status":"Success","explanation":"OK","warning":false}},{"assetType":"API","assetObject":{"name":"ATG_Call_wMInt_Service[1.0]","id":"31301a08-a130-47f9-86b1-8fb5cd89cc89","status":"Success","explanation":"OK","warning":false}},{"assetType":"Alias","assetObject":{"name":"WM_INT_SVC_ALIAS","id":"8f66cfde-fb65-40e1-831f-42c043f1c922","status":"Success","explanation":"OK","warning":false}}]